NEW,P.SYMBOL,P.DATE,P.PRICE,EST.S.DATE,EST.S.PRICE,EST.PROFITPCT,EST.PROFITPCT252D,T.DATE,T.PRICE,STATUS,PROFITPCT,PROFITPCT252D,DATEPCT,PRICEPCT
-,ASX-ANZ,2020-01-21,25.51,2020-10-09,26.58,4.19,4.0,2020-02-13,26.58,CLOSED,4.19,46.0,9.0,100.0
-,ASX-VVR,2020-01-22,2.75,2020-03-10,2.89,5.09,27.0,2020-02-17,2.89,CLOSED,5.09,49.0,54.0,100.0
-,ASX-VVR,2020-01-22,2.75,2020-10-04,2.91,5.82,6.0,2020-02-17,2.91,CLOSED,5.82,56.0,10.0,100.0
-,ASX-VVR,2020-01-22,2.75,2020-02-13,2.83,2.91,33.0,2020-02-13,2.78,CLOSED,1.09,12.0,100.0,37.0
-,ASX-A2M,2020-01-22,15.59,2020-02-25,17.25,10.65,79.0,2020-02-25,15.14,CLOSED,-2.89,-21.0,100.0,-27.0
-,ASX-A2M,2020-01-22,15.59,2020-07-05,23.89,53.24,81.0,2020-03-06,16.39,OPEN,5.13,29.0,27.0,10.0
-,ASX-VVR,2020-01-22,2.75,2020-07-06,3.05,10.91,17.0,2020-03-06,2.77,OPEN,0.73,4.0,27.0,7.0
-,ASX-A2M,2020-01-22,15.59,2020-04-15,19.81,27.07,81.0,2020-03-06,16.39,OPEN,5.13,29.0,52.0,19.0
-,ASX-A2M,2020-01-22,15.59,2020-10-24,34.02,118.22,108.0,2020-03-06,16.39,OPEN,5.13,29.0,16.0,4.0
-,ASX-BOQ,2020-01-22,7.4,2020-12-09,8.02,8.38,7.0,2020-03-06,6.93,OPEN,-6.35,-36.0,14.0,-76.0
-,0175.HK,2020-01-22,14.1,2020-11-15,18.96,34.47,29.0,2020-03-06,14.08,OPEN,-0.14,-1.0,15.0,-0.0
-,DLR,2020-01-22,126.28,2020-07-24,139.05,10.11,14.0,2020-03-05,129.87,OPEN,2.84,17.0,23.0,28.0
-,RIO,2020-01-22,60.5,2020-10-06,68.82,13.75,13.0,2020-03-05,49.27,OPEN,-18.56,-109.0,17.0,-135.0
-,ASX-A2M,2020-01-23,15.31,2020-10-07,15.72,2.68,3.0,2020-02-17,15.72,CLOSED,2.68,27.0,10.0,100.0
-,ASX-A2M,2020-01-23,15.31,2020-02-13,16.63,8.62,103.0,2020-02-13,15.2,CLOSED,-0.72,-9.0,100.0,-8.0
-,ASX-A2M,2020-01-23,15.31,2020-02-03,15.78,3.07,70.0,2020-02-03,14.16,CLOSED,-7.51,-172.0,100.0,-245.0
-,ASX-A2M,2020-01-23,15.31,2020-02-13,16.63,8.62,103.0,2020-02-13,15.2,CLOSED,-0.72,-9.0,100.0,-8.0
-,ASX-A2M,2020-01-23,15.31,2020-03-04,18.48,20.71,127.0,2020-03-04,16.18,CLOSED,5.68,35.0,100.0,27.0
-,NFLX,2020-01-23,349.6,2020-08-04,491.61,40.62,53.0,2020-02-17,491.61,CLOSED,40.62,409.0,13.0,100.0
-,ITA,2020-01-23,231.24,2020-05-25,239.52,3.58,7.0,2020-02-11,239.52,CLOSED,3.58,47.0,15.0,100.0
-,NFLX,2020-01-23,349.6,2020-07-14,453.54,29.73,43.0,2020-02-17,453.54,CLOSED,29.73,300.0,14.0,100.0
-,ITA,2020-01-23,231.24,2020-04-25,234.01,1.2,3.0,2020-02-05,234.01,CLOSED,1.2,23.0,14.0,100.0
-,ASX-A2M,2020-01-23,15.31,2020-03-10,18.0,17.57,94.0,2020-03-06,16.39,OPEN,7.05,41.0,91.0,40.0
-,ASX-A2M,2020-01-23,15.31,2020-08-10,19.97,30.44,38.0,2020-03-06,16.39,OPEN,7.05,41.0,22.0,23.0
-,ASX-A2M,2020-01-23,15.31,2020-06-09,18.2,18.88,34.0,2020-03-06,16.39,OPEN,7.05,41.0,31.0,37.0
-,ITA,2020-01-23,231.24,2021-01-08,253.55,9.65,7.0,2020-03-05,197.67,OPEN,-14.52,-87.0,12.0,-150.0
-,ASX-CQR,2020-01-24,4.67,2020-11-19,4.97,6.42,5.0,2020-02-10,4.97,CLOSED,6.42,95.0,6.0,100.0
-,ASX-CQR,2020-01-24,4.67,2020-07-04,4.99,6.85,11.0,2020-02-17,4.99,CLOSED,6.85,72.0,15.0,100.0
-,ASX-NAN,2020-01-28,6.83,2020-12-18,9.64,41.14,32.0,2020-03-06,6.32,OPEN,-7.47,-50.0,12.0,-18.0
-,WMT,2020-01-28,116.6,2021-01-15,129.36,10.94,8.0,2020-03-05,115.92,OPEN,-0.58,-4.0,10.0,-5.0
-,DIS,2020-01-28,138.37,2020-08-19,148.61,7.4,9.0,2020-03-05,113.98,OPEN,-17.63,-120.0,18.0,-238.0
-,DIS,2020-01-28,138.37,2020-07-16,147.68,6.73,10.0,2020-03-05,113.98,OPEN,-17.63,-120.0,22.0,-262.0
-,0268.HK,2020-01-29,8.71,2020-06-09,9.48,8.84,17.0,2020-02-04,9.48,CLOSED,8.84,371.0,5.0,100.0
-,ASX-CWN,2020-01-29,11.55,2020-04-01,12.18,5.45,22.0,2020-03-06,9.65,OPEN,-16.45,-112.0,59.0,-302.0
-,ASX-CWN,2020-01-29,11.55,2020-07-21,12.53,8.48,12.0,2020-03-06,9.65,OPEN,-16.45,-112.0,21.0,-194.0
-,ASX-AGL,2020-01-29,20.14,2020-07-03,21.37,6.11,10.0,2020-03-06,18.65,OPEN,-7.4,-50.0,24.0,-121.0
-,ASX-CWN,2020-01-29,11.55,2020-04-11,12.08,4.59,16.0,2020-03-06,9.65,OPEN,-16.45,-112.0,51.0,-358.0
-,ASX-CWN,2020-01-29,11.55,2020-07-24,12.34,6.84,10.0,2020-03-06,9.65,OPEN,-16.45,-112.0,21.0,-241.0
-,0268.HK,2020-01-29,8.71,2020-09-12,11.65,33.75,37.0,2020-03-06,9.95,OPEN,14.24,97.0,16.0,42.0
-,ITA,2020-01-29,232.11,2021-01-10,265.51,14.39,10.0,2020-03-05,197.67,OPEN,-14.84,-104.0,10.0,-103.0
-,ITA,2020-01-29,232.11,2020-05-30,245.18,5.63,12.0,2020-03-05,197.67,OPEN,-14.84,-104.0,30.0,-264.0
-,ITA,2020-01-29,232.11,2020-05-21,241.3,3.96,9.0,2020-03-05,197.67,OPEN,-14.84,-104.0,32.0,-375.0
-,ASX-IVC,2020-01-30,13.11,2020-12-01,14.77,12.66,10.0,2020-02-27,14.77,CLOSED,12.66,114.0,9.0,100.0
-,ASX-IVC,2020-01-30,13.11,2020-12-01,14.77,12.66,10.0,2020-02-27,14.77,CLOSED,12.66,114.0,9.0,100.0
-,2588.HK,2020-01-30,71.4,2020-05-17,73.67,3.18,7.0,2020-02-04,73.67,CLOSED,3.18,160.0,5.0,100.0
-,NFLX,2020-01-30,347.74,2020-06-26,495.11,42.38,72.0,2020-02-17,495.11,CLOSED,42.38,593.0,12.0,100.0
-,NFLX,2020-01-30,347.74,2020-05-05,442.08,27.13,71.0,2020-02-17,442.08,CLOSED,27.13,380.0,19.0,100.0
-,DIS,2020-01-30,137.81,2020-07-18,147.08,6.73,10.0,2020-02-05,147.08,CLOSED,6.73,283.0,4.0,100.0
-,MSFT,2020-01-30,172.78,2020-11-30,184.18,6.6,5.0,2020-02-05,184.18,CLOSED,6.6,277.0,2.0,100.0
-,ASX-CWN,2020-01-30,11.6,2020-04-12,12.14,4.66,16.0,2020-03-06,9.65,OPEN,-16.81,-118.0,49.0,-361.0
-,ASX-CWN,2020-01-30,11.6,2020-07-25,12.39,6.81,10.0,2020-03-06,9.65,OPEN,-16.81,-118.0,20.0,-247.0
-,2588.HK,2020-01-30,71.4,2020-03-18,77.04,7.9,41.0,2020-03-06,63.65,OPEN,-10.85,-76.0,75.0,-137.0
-,2588.HK,2020-01-30,71.4,2020-04-03,78.62,10.11,40.0,2020-03-06,63.65,OPEN,-10.85,-76.0,56.0,-107.0
-,2588.HK,2020-01-30,71.4,2020-06-16,85.34,19.52,36.0,2020-03-06,63.65,OPEN,-10.85,-76.0,26.0,-56.0
-,2588.HK,2020-01-30,71.4,2020-07-10,83.65,17.16,27.0,2020-03-06,63.65,OPEN,-10.85,-76.0,22.0,-63.0
-,MMM,2020-01-30,162.51,2020-10-17,184.03,13.24,13.0,2020-03-05,151.41,OPEN,-6.83,-49.0,13.0,-52.0
-,MMM,2020-01-30,162.51,2020-11-27,185.75,14.3,12.0,2020-03-05,151.41,OPEN,-6.83,-49.0,12.0,-48.0
-,ASX-CWN,2020-01-31,11.7,2020-04-13,12.24,4.62,16.0,2020-03-06,9.65,OPEN,-17.52,-126.0,48.0,-380.0
-,ASX-CWN,2020-01-31,11.7,2020-07-26,12.5,6.84,10.0,2020-03-06,9.65,OPEN,-17.52,-126.0,20.0,-256.0
-,0175.HK,2020-01-31,12.54,2020-10-23,18.85,50.32,48.0,2020-03-06,14.08,OPEN,12.28,88.0,13.0,24.0
-,2208.HK,2020-01-31,8.23,2020-12-26,10.94,32.93,25.0,2020-03-06,7.69,OPEN,-6.56,-47.0,11.0,-20.0
-,0175.HK,2020-01-31,12.54,2020-11-24,16.86,34.45,29.0,2020-03-06,14.08,OPEN,12.28,88.0,12.0,36.0
-,AMZN,2020-01-31,2008.72,2020-08-08,2650.71,31.96,42.0,2020-03-05,1924.03,OPEN,-4.22,-31.0,18.0,-13.0
-,AMZN,2020-01-31,2008.72,2020-09-23,2551.88,27.04,29.0,2020-03-05,1924.03,OPEN,-4.22,-31.0,14.0,-16.0
-,ASX-VVR,2020-02-03,2.75,2020-04-27,2.92,6.18,19.0,2020-02-17,2.92,CLOSED,6.18,111.0,17.0,100.0
-,ASX-VVR,2020-02-03,2.75,2020-08-22,2.9,5.45,7.0,2020-02-17,2.9,CLOSED,5.45,98.0,7.0,100.0
-,ASX-VVR,2020-02-03,2.75,2020-03-11,2.81,2.18,15.0,2020-02-13,2.81,CLOSED,2.18,55.0,27.0,100.0
-,0386.HK,2020-02-03,4.07,2020-04-16,4.23,3.93,14.0,2020-02-06,4.23,CLOSED,3.93,330.0,4.0,100.0
-,ASX-VVR,2020-02-03,2.75,2020-09-13,3.23,17.45,20.0,2020-03-06,2.77,OPEN,0.73,6.0,14.0,4.0
-,1299.HK,2020-02-03,78.5,2020-09-12,94.12,19.9,23.0,2020-03-06,76.05,OPEN,-3.12,-25.0,14.0,-16.0
-,0857.HK,2020-02-03,3.38,2020-10-30,5.39,59.47,56.0,2020-03-06,3.01,OPEN,-10.95,-86.0,12.0,-18.0
-,0175.HK,2020-02-03,12.6,2020-10-26,18.94,50.32,48.0,2020-03-06,14.08,OPEN,11.75,93.0,12.0,23.0
-,1299.HK,2020-02-03,78.5,2020-06-11,86.48,10.17,20.0,2020-03-06,76.05,OPEN,-3.12,-25.0,25.0,-31.0
-,0175.HK,2020-02-03,12.6,2020-11-27,16.94,34.44,29.0,2020-03-06,14.08,OPEN,11.75,93.0,11.0,34.0
-,1299.HK,2020-02-03,78.5,2020-04-01,82.75,5.41,24.0,2020-03-06,76.05,OPEN,-3.12,-25.0,55.0,-58.0
-,NKE,2020-02-03,99.27,2020-12-21,120.1,20.98,16.0,2020-03-05,90.58,OPEN,-8.75,-71.0,10.0,-42.0
-,AMZN,2020-02-03,2004.2,2020-09-15,2548.34,27.15,30.0,2020-03-05,1924.03,OPEN,-4.0,-33.0,14.0,-15.0
-,AMZN,2020-02-03,2004.2,2020-08-13,2651.76,32.31,42.0,2020-03-05,1924.03,OPEN,-4.0,-33.0,16.0,-12.0
-,LULU,2020-02-03,246.37,2020-10-15,324.81,31.84,31.0,2020-03-05,221.19,OPEN,-10.22,-83.0,12.0,-32.0
-,NKE,2020-02-03,99.27,2020-06-11,107.09,7.88,15.0,2020-03-05,90.58,OPEN,-8.75,-71.0,24.0,-111.0
-,NKE,2020-02-03,99.27,2020-04-17,104.0,4.76,16.0,2020-03-05,90.58,OPEN,-8.75,-71.0,42.0,-184.0
-,LULU,2020-02-03,246.37,2021-01-09,296.63,20.4,15.0,2020-03-05,221.19,OPEN,-10.22,-83.0,9.0,-50.0
-,ASX-NAB,2020-02-04,25.6,2021-01-04,27.4,7.03,5.0,2020-02-19,27.4,CLOSED,7.03,118.0,4.0,100.0
-,1816.HK,2020-02-04,1.91,2020-04-08,2.01,5.24,21.0,2020-02-11,2.01,CLOSED,5.24,189.0,11.0,100.0
-,0288.HK,2020-02-04,7.45,2020-06-28,8.05,8.05,14.0,2020-02-07,8.05,CLOSED,8.05,676.0,2.0,100.0
-,UPS,2020-02-04,103.38,2020-04-11,106.19,2.72,10.0,2020-02-05,106.19,CLOSED,2.72,inf,0.0,100.0
-,QQQ,2020-02-04,227.47,2020-05-14,231.18,1.63,4.0,2020-02-10,231.18,CLOSED,1.63,68.0,6.0,100.0
-,UPS,2020-02-04,103.38,2020-04-06,107.01,3.51,14.0,2020-02-06,107.01,CLOSED,3.51,442.0,3.0,100.0
-,ASX-CWN,2020-02-04,11.56,2020-04-17,12.09,4.58,16.0,2020-03-06,9.65,OPEN,-16.52,-134.0,42.0,-360.0
-,ASX-CWN,2020-02-04,11.56,2020-07-30,12.35,6.83,10.0,2020-03-06,9.65,OPEN,-16.52,-134.0,18.0,-242.0
-,0288.HK,2020-02-04,7.45,2020-07-04,9.08,21.88,37.0,2020-03-06,8.31,OPEN,11.54,94.0,21.0,53.0
-,0288.HK,2020-02-04,7.45,2020-08-14,11.31,51.81,68.0,2020-03-06,8.31,OPEN,11.54,94.0,16.0,22.0
-,2208.HK,2020-02-04,8.31,2021-01-11,11.08,33.33,25.0,2020-03-06,7.69,OPEN,-7.46,-61.0,9.0,-22.0
-,1038.HK,2020-02-04,54.05,2021-01-19,66.87,23.72,17.0,2020-03-06,53.9,OPEN,-0.28,-2.0,9.0,-1.0
-,2388.HK,2020-02-04,26.0,2021-02-02,33.46,28.69,20.0,2020-03-06,25.65,OPEN,-1.35,-11.0,9.0,-5.0
-,2800.HK,2020-02-04,26.85,2020-12-07,31.8,18.44,15.0,2020-03-06,26.5,OPEN,-1.3,-11.0,10.0,-7.0
-,0175.HK,2020-02-04,12.76,2020-10-27,19.18,50.31,48.0,2020-03-06,14.08,OPEN,10.34,84.0,12.0,21.0
-,2208.HK,2020-02-04,8.31,2020-12-30,11.05,32.97,25.0,2020-03-06,7.69,OPEN,-7.46,-61.0,9.0,-23.0
-,0175.HK,2020-02-04,12.76,2020-11-28,17.16,34.48,29.0,2020-03-06,14.08,OPEN,10.34,84.0,10.0,30.0
-,1038.HK,2020-02-04,54.05,2020-06-27,57.33,6.07,11.0,2020-03-06,53.9,OPEN,-0.28,-2.0,22.0,-5.0
-,1038.HK,2020-02-04,54.05,2020-04-02,55.81,3.26,14.0,2020-03-06,53.9,OPEN,-0.28,-2.0,53.0,-9.0
-,2800.HK,2020-02-04,26.85,2020-07-13,28.79,7.23,11.0,2020-03-06,26.5,OPEN,-1.3,-11.0,19.0,-18.0
-,0267.HK,2020-02-04,8.87,2020-03-24,9.57,7.89,41.0,2020-03-06,8.73,OPEN,-1.58,-13.0,63.0,-20.0
-,0267.HK,2020-02-04,8.87,2020-05-30,11.13,25.48,55.0,2020-03-06,8.73,OPEN,-1.58,-13.0,27.0,-6.0
-,MA,2020-02-04,329.12,2020-11-19,428.09,30.07,26.0,2020-03-05,290.73,OPEN,-11.66,-98.0,10.0,-39.0
-,MA,2020-02-04,329.12,2020-05-30,379.01,15.16,33.0,2020-03-05,290.73,OPEN,-11.66,-98.0,26.0,-77.0
-,MMM,2020-02-04,157.24,2020-10-22,178.06,13.24,13.0,2020-03-05,151.41,OPEN,-3.71,-31.0,11.0,-28.0
-,MA,2020-02-04,329.12,2020-04-21,351.07,6.67,22.0,2020-03-05,290.73,OPEN,-11.66,-98.0,39.0,-175.0
-,MMM,2020-02-04,157.24,2020-12-02,179.73,14.3,12.0,2020-03-05,151.41,OPEN,-3.71,-31.0,10.0,-26.0
-,QQQ,2020-02-04,227.47,2020-07-13,239.69,5.37,8.0,2020-03-05,211.59,OPEN,-6.98,-59.0,19.0,-130.0
-,UPS,2020-02-04,103.38,2020-08-10,109.66,6.07,8.0,2020-03-05,92.99,OPEN,-10.05,-84.0,16.0,-165.0
-,ASX-VVR,2020-02-05,2.77,2020-03-24,2.91,5.05,27.0,2020-02-17,2.91,CLOSED,5.05,106.0,25.0,100.0
-,ASX-VVR,2020-02-05,2.77,2020-02-27,2.85,2.89,33.0,2020-02-17,2.85,CLOSED,2.89,61.0,55.0,100.0
-,2768.HK,2020-02-05,2.87,2020-02-26,3.55,23.69,284.0,2020-02-26,3.05,CLOSED,6.27,75.0,100.0,26.0
-,2768.HK,2020-02-05,2.87,2020-02-14,3.09,7.67,215.0,2020-02-13,3.09,CLOSED,7.67,242.0,89.0,100.0
-,0288.HK,2020-02-05,7.66,2020-06-29,8.27,7.96,14.0,2020-02-12,8.27,CLOSED,7.96,287.0,5.0,100.0
-,ASX-VVR,2020-02-05,2.77,2020-07-20,3.07,10.83,16.0,2020-03-06,2.77,OPEN,0.0,0.0,18.0,0.0
-,ASX-VVR,2020-02-05,2.77,2020-10-18,2.93,5.78,6.0,2020-03-06,2.77,OPEN,0.0,0.0,12.0,0.0
-,ASX-ASX,2020-02-05,85.74,2020-12-31,91.75,7.01,5.0,2020-03-06,74.19,OPEN,-13.47,-113.0,9.0,-192.0
-,ASX-ORG,2020-02-05,7.8,2020-04-07,8.42,7.95,32.0,2020-03-06,6.79,OPEN,-12.95,-109.0,48.0,-163.0
-,ASX-ORG,2020-02-05,7.8,2020-04-12,8.25,5.77,22.0,2020-03-06,6.79,OPEN,-12.95,-109.0,45.0,-224.0
-,2588.HK,2020-02-05,74.2,2020-07-04,87.29,17.64,30.0,2020-03-06,63.65,OPEN,-14.22,-119.0,20.0,-81.0
-,2588.HK,2020-02-05,74.2,2020-07-07,84.83,14.33,24.0,2020-03-06,63.65,OPEN,-14.22,-119.0,20.0,-99.0
-,2768.HK,2020-02-05,2.87,2020-04-12,3.53,23.0,87.0,2020-03-06,3.25,OPEN,13.24,111.0,45.0,58.0
-,0288.HK,2020-02-05,7.66,2020-07-05,9.34,21.93,37.0,2020-03-06,8.31,OPEN,8.49,71.0,20.0,39.0
-,0288.HK,2020-02-05,7.66,2020-08-15,11.63,51.83,68.0,2020-03-06,8.31,OPEN,8.49,71.0,16.0,16.0
-,0435.HK,2020-02-05,4.93,2020-10-01,5.62,14.0,15.0,2020-03-06,4.63,OPEN,-6.09,-51.0,13.0,-43.0
-,1310.HK,2020-02-05,13.74,2020-09-08,15.61,13.61,16.0,2020-03-06,14.28,OPEN,3.93,33.0,14.0,29.0
-,2588.HK,2020-02-05,74.2,2020-04-02,80.17,8.05,36.0,2020-03-06,63.65,OPEN,-14.22,-119.0,53.0,-177.0
-,0435.HK,2020-02-05,4.93,2020-11-15,5.69,15.42,14.0,2020-03-06,4.63,OPEN,-6.09,-51.0,11.0,-39.0
-,0175.HK,2020-02-05,13.06,2020-10-28,19.63,50.31,48.0,2020-03-06,14.08,OPEN,7.81,66.0,11.0,16.0
-,0175.HK,2020-02-05,13.06,2020-11-29,17.56,34.46,29.0,2020-03-06,14.08,OPEN,7.81,66.0,10.0,23.0
-,1816.HK,2020-02-05,1.94,2020-04-09,2.04,5.15,20.0,2020-03-06,1.92,OPEN,-1.03,-9.0,47.0,-20.0
-,ITA,2020-02-05,234.89,2021-01-26,270.31,15.08,11.0,2020-03-05,197.67,OPEN,-15.85,-138.0,8.0,-105.0
-,UPS,2020-02-05,106.04,2020-04-12,108.92,2.72,10.0,2020-03-05,92.99,OPEN,-12.31,-107.0,43.0,-453.0
-,IXN,2020-02-05,226.47,2020-06-26,240.99,6.41,11.0,2020-03-05,206.25,OPEN,-8.93,-78.0,20.0,-139.0
-,MMM,2020-02-05,162.33,2020-10-23,183.82,13.24,13.0,2020-03-05,151.41,OPEN,-6.73,-58.0,11.0,-51.0
-,MMM,2020-02-05,162.33,2020-12-03,185.54,14.3,12.0,2020-03-05,151.41,OPEN,-6.73,-58.0,10.0,-47.0
-,ITA,2020-02-05,234.89,2020-06-27,247.01,5.16,9.0,2020-03-05,197.67,OPEN,-15.85,-138.0,20.0,-307.0
-,AMZN,2020-02-05,2039.87,2020-04-19,2356.05,15.5,53.0,2020-03-05,1924.03,OPEN,-5.68,-49.0,39.0,-37.0
-,ITA,2020-02-05,234.89,2020-06-11,242.59,3.28,7.0,2020-03-05,197.67,OPEN,-15.85,-138.0,23.0,-483.0
-,IXN,2020-02-05,226.47,2020-04-28,233.69,3.19,10.0,2020-03-05,206.25,OPEN,-8.93,-78.0,35.0,-280.0
-,UPS,2020-02-05,106.04,2020-08-11,112.48,6.07,8.0,2020-03-05,92.99,OPEN,-12.31,-107.0,15.0,-203.0
-,UPS,2020-02-05,106.04,2020-04-07,109.76,3.51,14.0,2020-03-05,92.99,OPEN,-12.31,-107.0,47.0,-351.0
-,ASX-AGL,2020-02-06,19.66,2020-07-11,20.86,6.1,10.0,2020-02-17,20.86,CLOSED,6.1,140.0,7.0,100.0
-,ASX-NAN,2020-02-06,7.15,2021-01-06,9.87,38.04,29.0,2020-03-06,6.32,OPEN,-11.61,-101.0,9.0,-31.0
-,ASX-ORG,2020-02-06,7.9,2020-04-08,8.52,7.85,32.0,2020-03-06,6.79,OPEN,-14.05,-122.0,47.0,-179.0
-,ASX-NAN,2020-02-06,7.15,2020-11-16,8.68,21.4,19.0,2020-03-06,6.32,OPEN,-11.61,-101.0,10.0,-54.0
-,ASX-ORG,2020-02-06,7.9,2020-04-13,8.36,5.82,22.0,2020-03-06,6.79,OPEN,-14.05,-122.0,43.0,-241.0
-,1310.HK,2020-02-06,13.84,2020-09-16,15.09,9.03,10.0,2020-03-06,14.28,OPEN,3.18,28.0,13.0,35.0
-,0823.HK,2020-02-06,80.35,2020-10-11,95.56,18.93,19.0,2020-03-06,73.85,OPEN,-8.09,-70.0,12.0,-43.0
-,0066.HK,2020-02-06,44.5,2021-01-14,54.31,22.04,16.0,2020-03-06,42.65,OPEN,-4.16,-36.0,8.0,-19.0
-,2388.HK,2020-02-06,26.5,2021-02-04,34.11,28.72,20.0,2020-03-06,25.65,OPEN,-3.21,-28.0,8.0,-11.0
-,0823.HK,2020-02-06,80.35,2020-11-21,97.37,21.18,18.0,2020-03-06,73.85,OPEN,-8.09,-70.0,10.0,-38.0
-,0006.HK,2020-02-06,56.95,2021-01-27,62.04,8.94,6.0,2020-03-06,56.15,OPEN,-1.4,-12.0,8.0,-16.0
-,0006.HK,2020-02-06,56.95,2020-07-12,59.56,4.58,7.0,2020-03-06,56.15,OPEN,-1.4,-12.0,18.0,-31.0
-,GOOG,2020-02-06,1476.23,2020-09-23,1690.43,14.51,16.0,2020-03-05,1319.04,OPEN,-10.65,-96.0,12.0,-73.0
-,GOOG,2020-02-06,1476.23,2020-09-08,1706.23,15.58,18.0,2020-03-05,1319.04,OPEN,-10.65,-96.0,13.0,-68.0
-,ITA,2020-02-06,237.63,2021-01-18,271.82,14.39,10.0,2020-03-05,197.67,OPEN,-16.82,-151.0,8.0,-117.0
-,ITA,2020-02-06,237.63,2020-06-06,250.94,5.6,12.0,2020-03-05,197.67,OPEN,-16.82,-151.0,23.0,-300.0
-,ITA,2020-02-06,237.63,2020-05-29,247.04,3.96,9.0,2020-03-05,197.67,OPEN,-16.82,-151.0,25.0,-425.0
-,GOOG,2020-02-06,1476.23,2020-04-19,1535.87,4.04,14.0,2020-03-05,1319.04,OPEN,-10.65,-96.0,38.0,-264.0
-,ASX-REA,2020-02-07,116.9,2020-08-19,153.45,31.27,41.0,2020-03-06,96.99,OPEN,-17.03,-153.0,14.0,-54.0
-,ASX-REA,2020-02-07,116.9,2020-08-17,144.09,23.26,31.0,2020-03-06,96.99,OPEN,-17.03,-153.0,15.0,-73.0
-,ASX-REA,2020-02-07,116.9,2020-05-11,129.77,11.01,30.0,2020-03-06,96.99,OPEN,-17.03,-153.0,30.0,-155.0
-,ASX-ANZ,2020-02-07,26.03,2020-11-09,27.51,5.69,5.0,2020-03-06,22.14,OPEN,-14.94,-134.0,10.0,-263.0
-,2638.HK,2020-02-07,7.86,2020-10-06,8.71,10.81,11.0,2020-03-06,8.0,OPEN,1.78,16.0,12.0,16.0
-,2638.HK,2020-02-07,7.86,2020-08-08,8.36,6.36,9.0,2020-03-06,8.0,OPEN,1.78,16.0,15.0,28.0
-,0388.HK,2020-02-07,270.6,2020-12-02,328.75,21.49,18.0,2020-03-06,255.4,OPEN,-5.62,-51.0,9.0,-26.0
-,0388.HK,2020-02-07,270.6,2020-08-15,310.65,14.8,20.0,2020-03-06,255.4,OPEN,-5.62,-51.0,15.0,-38.0
-,0753.HK,2020-02-07,6.97,2021-01-30,9.24,32.57,23.0,2020-03-06,6.2,OPEN,-11.05,-99.0,8.0,-34.0
-,V,2020-02-10,205.99,2020-12-25,274.44,33.23,26.0,2020-03-05,186.96,OPEN,-9.24,-97.0,8.0,-28.0
-,ASX-A2M,2020-02-11,14.89,2020-08-01,22.17,48.89,72.0,2020-03-06,16.39,OPEN,10.07,106.0,14.0,21.0
-,ASX-NSR,2020-02-12,2.17,2020-09-28,2.43,11.98,13.0,2020-02-21,2.43,CLOSED,11.98,335.0,4.0,100.0
-,ASX-NSR,2020-02-12,2.17,2021-01-20,2.3,5.99,4.0,2020-02-17,2.3,CLOSED,5.99,302.0,1.0,100.0
-,ASX-AGL,2020-02-12,19.52,2020-07-16,20.71,6.1,10.0,2020-02-14,20.71,CLOSED,6.1,769.0,1.0,100.0
-,ASX-NSR,2020-02-12,2.17,2020-06-07,2.28,5.07,11.0,2020-02-13,2.28,CLOSED,5.07,inf,0.0,100.0
-,ASX-ORG,2020-02-12,7.69,2020-04-18,8.13,5.72,22.0,2020-02-20,8.13,CLOSED,5.72,180.0,12.0,100.0
-,ASX-VCX,2020-02-12,2.53,2020-08-20,2.81,11.07,15.0,2020-03-06,2.16,OPEN,-14.62,-160.0,12.0,-132.0
-,ASX-WBC,2020-02-12,25.25,2020-12-28,27.72,9.78,8.0,2020-03-06,21.35,OPEN,-15.45,-169.0,7.0,-158.0
-,ASX-WBC,2020-02-12,25.25,2020-11-10,27.61,9.35,9.0,2020-03-06,21.35,OPEN,-15.45,-169.0,8.0,-165.0
-,ASX-ORG,2020-02-12,7.69,2020-04-13,8.3,7.93,33.0,2020-03-06,6.79,OPEN,-11.7,-128.0,38.0,-148.0
-,ASX-CBA,2020-02-12,88.18,2020-09-20,93.76,6.33,7.0,2020-03-06,73.93,OPEN,-16.16,-177.0,10.0,-255.0
-,2588.HK,2020-02-12,75.15,2020-07-24,88.1,17.23,27.0,2020-03-06,63.65,OPEN,-15.3,-168.0,14.0,-89.0
-,2588.HK,2020-02-12,75.15,2020-04-05,80.53,7.16,34.0,2020-03-06,63.65,OPEN,-15.3,-168.0,43.0,-214.0
-,2588.HK,2020-02-12,75.15,2020-07-27,86.43,15.01,23.0,2020-03-06,63.65,OPEN,-15.3,-168.0,14.0,-102.0
-,DLR,2020-02-12,127.05,2020-09-13,141.2,11.14,13.0,2020-03-05,129.87,OPEN,2.22,25.0,10.0,20.0
-,ASX-VVR,2020-02-13,2.78,2020-03-20,2.84,2.16,15.0,2020-02-17,2.84,CLOSED,2.16,136.0,11.0,100.0
-,ASX-VVR,2020-02-13,2.78,2020-05-06,2.95,6.12,19.0,2020-03-06,2.77,OPEN,-0.36,-4.0,27.0,-6.0
-,ASX-VVR,2020-02-13,2.78,2020-09-22,3.27,17.63,20.0,2020-03-06,2.77,OPEN,-0.36,-4.0,10.0,-2.0
-,ASX-VVR,2020-02-13,2.78,2020-08-31,2.93,5.4,7.0,2020-03-06,2.77,OPEN,-0.36,-4.0,11.0,-7.0
-,ASX-ORG,2020-02-13,7.86,2020-04-19,8.31,5.73,22.0,2020-03-06,6.79,OPEN,-13.61,-156.0,33.0,-238.0
-,MCD,2020-02-13,217.42,2020-11-24,244.01,12.23,11.0,2020-03-05,198.32,OPEN,-8.78,-105.0,7.0,-72.0
-,MCD,2020-02-13,217.42,2020-05-13,226.64,4.24,12.0,2020-03-05,198.32,OPEN,-8.78,-105.0,23.0,-207.0
-,MCD,2020-02-13,217.42,2020-12-26,236.97,8.99,7.0,2020-03-05,198.32,OPEN,-8.78,-105.0,7.0,-98.0
-,ASX-VVR,2020-02-14,2.83,2020-03-23,2.92,3.18,21.0,2020-02-17,2.92,CLOSED,3.18,267.0,8.0,100.0
-,ASX-VVR,2020-02-14,2.83,2020-08-03,3.26,15.19,22.0,2020-03-06,2.77,OPEN,-2.12,-25.0,12.0,-14.0
-,ASX-VVR,2020-02-14,2.83,2020-07-22,2.98,5.3,8.0,2020-03-06,2.77,OPEN,-2.12,-25.0,13.0,-40.0
-,ASX-AGL,2020-02-14,20.68,2021-01-05,22.14,7.06,5.0,2020-03-06,18.65,OPEN,-9.82,-118.0,6.0,-139.0
-,ASX-VVR,2020-02-14,2.83,2020-04-09,2.97,4.95,23.0,2020-03-06,2.77,OPEN,-2.12,-25.0,38.0,-43.0
-,2800.HK,2020-02-14,28.0,2020-12-30,31.21,11.46,9.0,2020-03-06,26.5,OPEN,-5.36,-64.0,7.0,-47.0
-,2800.HK,2020-02-14,28.0,2020-07-07,30.44,8.71,15.0,2020-03-06,26.5,OPEN,-5.36,-64.0,15.0,-61.0
-,V,2020-02-14,210.29,2020-12-25,282.73,34.45,28.0,2020-03-05,186.96,OPEN,-11.09,-140.0,6.0,-32.0
-,V,2020-02-14,210.29,2020-04-24,229.09,8.94,32.0,2020-03-05,186.96,OPEN,-11.09,-140.0,29.0,-124.0
-,WMT,2020-02-14,117.89,2021-01-01,130.22,10.46,8.0,2020-03-05,115.92,OPEN,-1.67,-21.0,6.0,-16.0
-,V,2020-02-14,210.29,2020-04-22,226.59,7.75,29.0,2020-03-05,186.96,OPEN,-11.09,-140.0,29.0,-143.0
-,ASX-WBC,2020-02-17,25.62,2020-11-30,28.12,9.76,9.0,2020-03-06,21.35,OPEN,-16.67,-233.0,6.0,-171.0
-,ASX-WBC,2020-02-17,25.62,2020-12-26,28.2,10.07,8.0,2020-03-06,21.35,OPEN,-16.67,-233.0,6.0,-166.0
-,ASX-ABP,2020-02-17,3.93,2021-01-13,4.16,5.85,4.0,2020-03-06,3.63,OPEN,-7.63,-107.0,5.0,-130.0
-,STW,2020-02-17,65.86,2020-07-11,67.34,2.25,4.0,2020-03-06,58.35,OPEN,-11.4,-160.0,12.0,-507.0
-,STW,2020-02-17,65.86,2020-08-05,67.58,2.61,4.0,2020-03-06,58.35,OPEN,-11.4,-160.0,11.0,-437.0
-,2768.HK,2020-02-17,3.1,2020-03-08,3.37,8.71,110.0,2020-03-06,3.25,OPEN,4.84,68.0,90.0,56.0
-,2768.HK,2020-02-17,3.1,2020-03-20,3.69,19.03,150.0,2020-03-06,3.25,OPEN,4.84,68.0,56.0,25.0
-,ASX-A2M,2020-02-18,15.75,2020-07-31,24.14,53.27,82.0,2020-03-06,16.39,OPEN,4.06,60.0,10.0,8.0
-,ASX-A2M,2020-02-18,15.75,2020-05-11,20.01,27.05,82.0,2020-03-06,16.39,OPEN,4.06,60.0,20.0,15.0
-,ASX-A2M,2020-02-18,15.75,2020-03-20,17.32,9.97,81.0,2020-03-06,16.39,OPEN,4.06,60.0,55.0,41.0
-,ASX-A2M,2020-02-18,15.75,2020-11-19,34.37,118.22,108.0,2020-03-06,16.39,OPEN,4.06,60.0,6.0,3.0
-,2638.HK,2020-02-18,7.88,2020-10-16,8.74,10.91,11.0,2020-03-06,8.0,OPEN,1.52,23.0,7.0,14.0
-,2638.HK,2020-02-18,7.88,2020-08-18,8.38,6.35,9.0,2020-03-06,8.0,OPEN,1.52,23.0,9.0,24.0
-,3808.HK,2020-02-18,15.9,2020-07-14,18.84,18.49,32.0,2020-03-06,14.14,OPEN,-11.07,-164.0,12.0,-60.0
-,3988.HK,2020-02-18,3.2,2020-10-27,3.55,10.94,11.0,2020-03-06,3.09,OPEN,-3.44,-51.0,7.0,-31.0
-,DLR,2020-02-18,133.2,2020-08-07,145.45,9.2,14.0,2020-03-05,129.87,OPEN,-2.5,-39.0,9.0,-27.0
-,DLR,2020-02-18,133.2,2020-10-21,146.83,10.23,10.0,2020-03-05,129.87,OPEN,-2.5,-39.0,7.0,-24.0
-,NKE,2020-02-18,102.0,2020-09-21,113.68,11.45,13.0,2020-03-05,90.58,OPEN,-11.2,-176.0,7.0,-98.0
-,HAL,2020-02-18,21.86,2020-11-19,26.08,19.3,18.0,2020-03-05,14.74,OPEN,-32.57,-513.0,6.0,-169.0
-,ASX-IVC,2020-02-19,13.06,2020-12-20,14.71,12.63,10.0,2020-02-26,14.71,CLOSED,12.63,455.0,2.0,100.0
-,ASX-IVC,2020-02-19,13.06,2020-12-20,14.71,12.63,10.0,2020-02-26,14.71,CLOSED,12.63,455.0,2.0,100.0
-,ASX-AGL,2020-02-19,21.06,2020-11-17,22.44,6.55,6.0,2020-03-06,18.65,OPEN,-11.44,-180.0,6.0,-175.0
-,2588.HK,2020-02-19,76.1,2020-07-17,89.52,17.63,30.0,2020-03-06,63.65,OPEN,-16.36,-258.0,11.0,-93.0
-,2588.HK,2020-02-19,76.1,2020-07-20,87.0,14.32,24.0,2020-03-06,63.65,OPEN,-16.36,-258.0,11.0,-114.0
-,0435.HK,2020-02-19,4.96,2020-08-07,5.44,9.68,14.0,2020-03-06,4.63,OPEN,-6.65,-105.0,9.0,-69.0
-,2588.HK,2020-02-19,76.1,2020-04-15,82.23,8.06,36.0,2020-03-06,63.65,OPEN,-16.36,-258.0,29.0,-203.0
-,0435.HK,2020-02-19,4.96,2020-10-03,5.48,10.48,12.0,2020-03-06,4.63,OPEN,-6.65,-105.0,7.0,-63.0
-,ASX-VCX,2020-02-20,2.38,2020-12-11,2.81,18.07,15.0,2020-03-06,2.16,OPEN,-9.24,-155.0,5.0,-51.0
-,ASX-VCX,2020-02-20,2.38,2020-12-11,2.68,12.61,11.0,2020-03-06,2.16,OPEN,-9.24,-155.0,5.0,-73.0
-,0435.HK,2020-02-20,4.98,2020-08-08,5.46,9.64,14.0,2020-03-06,4.63,OPEN,-7.03,-118.0,9.0,-73.0
-,0435.HK,2020-02-20,4.98,2020-10-04,5.5,10.44,12.0,2020-03-06,4.63,OPEN,-7.03,-118.0,7.0,-67.0
-,0753.HK,2020-02-20,6.98,2021-02-11,9.25,32.52,23.0,2020-03-06,6.2,OPEN,-11.17,-188.0,4.0,-34.0
-,3898.HK,2020-02-20,31.0,2020-11-29,41.29,33.19,30.0,2020-03-06,27.85,OPEN,-10.16,-171.0,5.0,-31.0
-,MCD,2020-02-20,215.08,2020-12-19,245.84,14.3,12.0,2020-03-05,198.32,OPEN,-7.79,-140.0,5.0,-54.0
-,MCD,2020-02-20,215.08,2020-10-17,229.88,6.88,7.0,2020-03-05,198.32,OPEN,-7.79,-140.0,6.0,-113.0
-,MCD,2020-02-20,215.08,2020-05-03,225.66,4.92,17.0,2020-03-05,198.32,OPEN,-7.79,-140.0,19.0,-158.0
-,1211.HK,2020-02-24,50.1,2020-06-24,51.43,2.65,6.0,2020-02-24,51.43,CLOSED,2.65,inf,0.0,100.0
-,0002.HK,2020-02-25,82.25,2020-11-28,96.32,17.11,16.0,2020-03-06,82.6,OPEN,0.43,11.0,4.0,2.0
-,0857.HK,2020-02-25,3.19,2020-11-20,5.09,59.56,56.0,2020-03-06,3.01,OPEN,-5.64,-142.0,4.0,-9.0
-,0002.HK,2020-02-25,82.25,2020-07-21,86.95,5.71,10.0,2020-03-06,82.6,OPEN,0.43,11.0,7.0,7.0
-,ASX-IVC,2020-02-26,14.48,2020-09-25,15.75,8.77,10.0,2020-02-27,15.75,CLOSED,8.77,inf,0.0,100.0
-,ASX-IVC,2020-02-26,14.48,2020-09-25,15.75,8.77,10.0,2020-02-27,15.75,CLOSED,8.77,inf,0.0,100.0
-,0066.HK,2020-02-26,43.8,2021-02-02,53.45,22.03,16.0,2020-03-06,42.65,OPEN,-2.63,-74.0,3.0,-12.0
-,GOOG,2020-02-26,1393.18,2020-12-24,1721.41,23.56,20.0,2020-03-05,1319.04,OPEN,-5.32,-168.0,3.0,-23.0
-,LMT,2020-02-26,400.9,2020-12-05,448.45,11.86,11.0,2020-03-05,384.7,OPEN,-4.04,-127.0,3.0,-34.0
-,AAPL,2020-02-26,292.65,2020-12-11,369.32,26.2,23.0,2020-03-05,292.92,OPEN,0.09,3.0,3.0,0.0
-,IXN,2020-02-26,210.15,2020-11-13,236.1,12.35,12.0,2020-03-05,206.25,OPEN,-1.86,-59.0,3.0,-15.0
-,LMT,2020-02-26,400.9,2021-02-21,462.32,15.32,11.0,2020-03-05,384.7,OPEN,-4.04,-127.0,2.0,-26.0
-,GOOG,2020-02-26,1393.18,2020-12-05,1680.04,20.59,18.0,2020-03-05,1319.04,OPEN,-5.32,-168.0,3.0,-26.0
-,GOOG,2020-02-26,1393.18,2020-05-30,1533.06,10.04,27.0,2020-03-05,1319.04,OPEN,-5.32,-168.0,9.0,-53.0
-,MMM,2020-02-26,148.96,2020-11-12,168.68,13.24,13.0,2020-03-05,151.41,OPEN,1.64,52.0,3.0,12.0
-,LMT,2020-02-26,400.9,2020-07-10,429.36,7.1,13.0,2020-03-05,384.7,OPEN,-4.04,-127.0,6.0,-57.0
-,LMT,2020-02-26,400.9,2020-07-21,433.25,8.07,14.0,2020-03-05,384.7,OPEN,-4.04,-127.0,5.0,-50.0
-,AAPL,2020-02-26,292.65,2020-11-20,366.81,25.34,24.0,2020-03-05,292.92,OPEN,0.09,3.0,3.0,0.0
-,MMM,2020-02-26,148.96,2020-12-23,170.26,14.3,12.0,2020-03-05,151.41,OPEN,1.64,52.0,3.0,12.0
-,LMT,2020-02-26,400.9,2020-04-24,424.71,5.94,26.0,2020-03-05,384.7,OPEN,-4.04,-127.0,14.0,-68.0
-,LMT,2020-02-26,400.9,2020-04-22,418.82,4.47,20.0,2020-03-05,384.7,OPEN,-4.04,-127.0,14.0,-90.0
-,LMT,2020-02-26,400.9,2020-04-19,413.41,3.12,15.0,2020-03-05,384.7,OPEN,-4.04,-127.0,15.0,-129.0
-,QQQ,2020-02-26,216.48,2021-01-07,235.49,8.78,7.0,2020-03-05,211.59,OPEN,-2.26,-71.0,3.0,-26.0
-,MSFT,2020-02-26,170.17,2020-07-20,181.96,6.93,12.0,2020-03-05,166.27,OPEN,-2.29,-72.0,6.0,-33.0
-,ASX-VCX,2020-02-27,2.28,2020-12-18,2.69,17.98,15.0,2020-03-06,2.16,OPEN,-5.26,-166.0,3.0,-29.0
-,ASX-VCX,2020-02-27,2.28,2020-12-18,2.57,12.72,11.0,2020-03-06,2.16,OPEN,-5.26,-166.0,3.0,-41.0
-,ASX-IVC,2020-02-27,14.92,2020-09-26,16.15,8.24,10.0,2020-03-06,13.85,OPEN,-7.17,-226.0,4.0,-87.0
-,ASX-IVC,2020-02-27,14.92,2020-09-26,16.15,8.24,10.0,2020-03-06,13.85,OPEN,-7.17,-226.0,4.0,-87.0
-,ASX-NAN,2020-02-27,6.8,2021-01-22,8.34,22.65,17.0,2020-03-06,6.32,OPEN,-7.06,-222.0,2.0,-31.0
-,ASX-NAN,2020-02-27,6.8,2020-05-09,7.38,8.53,30.0,2020-03-06,6.32,OPEN,-7.06,-222.0,11.0,-83.0
-,ASX-NAN,2020-02-27,6.8,2020-08-31,7.49,10.15,14.0,2020-03-06,6.32,OPEN,-7.06,-222.0,4.0,-70.0
-,2588.HK,2020-02-27,71.1,2020-04-14,76.72,7.9,42.0,2020-03-06,63.65,OPEN,-10.48,-330.0,17.0,-133.0
-,2588.HK,2020-02-27,71.1,2020-04-30,78.29,10.11,40.0,2020-03-06,63.65,OPEN,-10.48,-330.0,13.0,-104.0
-,2588.HK,2020-02-27,71.1,2020-07-13,84.98,19.52,36.0,2020-03-06,63.65,OPEN,-10.48,-330.0,6.0,-54.0
-,2588.HK,2020-02-27,71.1,2020-08-06,83.29,17.14,27.0,2020-03-06,63.65,OPEN,-10.48,-330.0,5.0,-61.0
-,1816.HK,2020-02-27,1.93,2020-04-30,2.03,5.18,21.0,2020-03-06,1.92,OPEN,-0.52,-16.0,13.0,-10.0
-,MMM,2020-02-27,150.16,2020-11-13,170.04,13.24,13.0,2020-03-05,151.41,OPEN,0.83,30.0,3.0,6.0
-,MMM,2020-02-27,150.16,2020-12-24,171.63,14.3,12.0,2020-03-05,151.41,OPEN,0.83,30.0,2.0,6.0
-,UPS,2020-02-28,90.49,2020-05-04,92.95,2.72,10.0,2020-03-02,92.95,CLOSED,2.72,228.0,5.0,100.0
-,V,2020-02-28,181.76,2020-05-06,191.32,5.26,19.0,2020-03-02,191.32,CLOSED,5.26,442.0,4.0,100.0
-,NKE,2020-02-28,89.38,2020-05-13,94.1,5.28,18.0,2020-03-03,94.1,CLOSED,5.28,333.0,5.0,100.0
-,MA,2020-02-28,290.25,2020-05-03,299.31,3.12,12.0,2020-03-02,299.31,CLOSED,3.12,262.0,5.0,100.0
-,NKE,2020-02-28,89.38,2020-05-11,93.63,4.75,16.0,2020-03-03,93.63,CLOSED,4.75,299.0,5.0,100.0
-,MSFT,2020-02-28,162.01,2020-07-22,173.24,6.93,12.0,2020-03-03,173.24,CLOSED,6.93,437.0,3.0,100.0
-,UPS,2020-02-28,90.49,2020-09-02,95.98,6.07,8.0,2020-03-03,95.98,CLOSED,6.07,382.0,2.0,100.0
-,UPS,2020-02-28,90.49,2020-04-29,93.67,3.51,15.0,2020-03-03,93.67,CLOSED,3.51,221.0,7.0,100.0
-,2638.HK,2020-02-28,7.84,2020-11-13,8.63,10.08,10.0,2020-03-06,8.0,OPEN,2.04,73.0,3.0,20.0
-,2768.HK,2020-02-28,3.08,2020-04-16,3.82,24.03,126.0,2020-03-06,3.25,OPEN,5.52,199.0,15.0,23.0
-,2638.HK,2020-02-28,7.84,2020-09-17,8.17,4.21,5.0,2020-03-06,8.0,OPEN,2.04,73.0,3.0,48.0
-,NKE,2020-02-28,89.38,2021-01-14,108.13,20.98,16.0,2020-03-05,90.58,OPEN,1.34,56.0,2.0,6.0
-,V,2020-02-28,181.76,2020-08-14,213.4,17.41,26.0,2020-03-05,186.96,OPEN,2.86,120.0,4.0,16.0
-,NKE,2020-02-28,89.38,2021-01-18,110.37,23.48,18.0,2020-03-05,90.58,OPEN,1.34,56.0,2.0,6.0
-,V,2020-02-28,181.76,2021-01-29,225.84,24.25,18.0,2020-03-05,186.96,OPEN,2.86,120.0,2.0,12.0
-,MA,2020-02-28,290.25,2020-10-28,372.8,28.44,29.0,2020-03-05,290.73,OPEN,0.17,7.0,2.0,1.0
-,V,2020-02-28,181.76,2020-06-17,202.43,11.37,26.0,2020-03-05,186.96,OPEN,2.86,120.0,5.0,25.0
-,GOOG,2020-02-28,1339.33,2020-12-26,1654.88,23.56,20.0,2020-03-05,1319.04,OPEN,-1.51,-63.0,2.0,-6.0
-,MA,2020-02-28,290.25,2020-07-30,339.51,16.97,28.0,2020-03-05,290.73,OPEN,0.17,7.0,4.0,1.0
-,MA,2020-02-28,290.25,2020-11-21,394.74,36.0,34.0,2020-03-05,290.73,OPEN,0.17,7.0,2.0,0.0
-,IXN,2020-02-28,201.01,2020-12-09,225.73,12.3,11.0,2020-03-05,206.25,OPEN,2.61,110.0,2.0,21.0
-,MA,2020-02-28,290.25,2020-07-19,327.66,12.89,23.0,2020-03-05,290.73,OPEN,0.17,7.0,4.0,1.0
-,MA,2020-02-28,290.25,2021-02-06,405.94,39.86,29.0,2020-03-05,290.73,OPEN,0.17,7.0,2.0,0.0
-,IXN,2020-02-28,201.01,2020-11-15,225.83,12.35,12.0,2020-03-05,206.25,OPEN,2.61,110.0,2.0,21.0
-,NKE,2020-02-28,89.38,2020-07-02,98.02,9.67,19.0,2020-03-05,90.58,OPEN,1.34,56.0,5.0,14.0
-,V,2020-02-28,181.76,2020-07-21,194.77,7.16,13.0,2020-03-05,186.96,OPEN,2.86,120.0,4.0,40.0
-,GOOG,2020-02-28,1339.33,2020-12-07,1615.1,20.59,18.0,2020-03-05,1319.04,OPEN,-1.51,-63.0,2.0,-7.0
-,GOOG,2020-02-28,1339.33,2020-06-01,1473.8,10.04,27.0,2020-03-05,1319.04,OPEN,-1.51,-63.0,6.0,-15.0
-,NKE,2020-02-28,89.38,2020-07-05,96.42,7.88,16.0,2020-03-05,90.58,OPEN,1.34,56.0,5.0,17.0
-,QQQ,2020-02-28,205.8,2021-02-17,221.79,7.77,6.0,2020-03-05,211.59,OPEN,2.81,118.0,2.0,36.0
-,GOOG,2020-02-28,1339.33,2020-06-12,1460.14,9.02,22.0,2020-03-05,1319.04,OPEN,-1.51,-63.0,6.0,-17.0
-,QQQ,2020-02-28,205.8,2021-01-09,223.87,8.78,7.0,2020-03-05,211.59,OPEN,2.81,118.0,2.0,32.0
-,0288.HK,2020-03-02,8.04,2020-04-10,8.51,5.85,38.0,2020-03-05,8.51,CLOSED,5.85,491.0,8.0,100.0
-,0435.HK,2020-03-02,4.57,2020-06-14,4.65,1.75,4.0,2020-03-02,4.65,CLOSED,1.75,inf,0.0,100.0
-,0435.HK,2020-03-02,4.57,2020-04-11,4.65,1.75,11.0,2020-03-02,4.65,CLOSED,1.75,inf,0.0,100.0
-,0435.HK,2020-03-02,4.57,2020-06-08,4.74,3.72,10.0,2020-03-05,4.74,CLOSED,3.72,312.0,3.0,100.0
-,UPS,2020-03-02,92.75,2020-05-07,95.27,2.72,10.0,2020-03-03,95.27,CLOSED,2.72,inf,0.0,100.0
-,LMT,2020-03-02,381.35,2020-04-27,398.4,4.47,20.0,2020-03-04,398.4,CLOSED,4.47,563.0,4.0,100.0
-,LMT,2020-03-02,381.35,2020-04-24,393.25,3.12,15.0,2020-03-03,393.25,CLOSED,3.12,inf,0.0,100.0
-,ASX-VCX,2020-03-02,2.19,2020-12-22,2.59,18.26,16.0,2020-03-06,2.16,OPEN,-1.37,-86.0,1.0,-7.0
-,ASX-VCX,2020-03-02,2.19,2020-12-22,2.47,12.79,11.0,2020-03-06,2.16,OPEN,-1.37,-86.0,1.0,-11.0
-,0288.HK,2020-03-02,8.04,2020-12-29,9.48,17.91,15.0,2020-03-06,8.31,OPEN,3.36,212.0,1.0,19.0
-,0288.HK,2020-03-02,8.04,2020-05-04,8.76,8.96,36.0,2020-03-06,8.31,OPEN,3.36,212.0,6.0,38.0
-,1415.HK,2020-03-02,1.77,2020-12-13,2.5,41.24,36.0,2020-03-06,1.75,OPEN,-1.13,-71.0,1.0,-3.0
-,2588.HK,2020-03-02,69.5,2020-04-18,74.99,7.9,42.0,2020-03-06,63.65,OPEN,-8.42,-530.0,9.0,-107.0
-,2588.HK,2020-03-02,69.5,2020-05-04,76.53,10.12,40.0,2020-03-06,63.65,OPEN,-8.42,-530.0,6.0,-83.0
-,2588.HK,2020-03-02,69.5,2020-07-17,83.07,19.53,36.0,2020-03-06,63.65,OPEN,-8.42,-530.0,3.0,-43.0
-,2588.HK,2020-03-02,69.5,2020-08-10,81.42,17.15,27.0,2020-03-06,63.65,OPEN,-8.42,-530.0,2.0,-49.0
-,2208.HK,2020-03-02,7.92,2021-02-06,10.56,33.33,25.0,2020-03-06,7.69,OPEN,-2.9,-183.0,1.0,-9.0
-,0435.HK,2020-03-02,4.57,2020-07-20,5.09,11.38,20.0,2020-03-06,4.63,OPEN,1.31,83.0,3.0,12.0
-,0435.HK,2020-03-02,4.57,2020-12-21,5.28,15.54,13.0,2020-03-06,4.63,OPEN,1.31,83.0,1.0,8.0
-,0857.HK,2020-03-02,3.1,2020-11-26,4.95,59.68,56.0,2020-03-06,3.01,OPEN,-2.9,-183.0,1.0,-5.0
-,2800.HK,2020-03-02,26.65,2021-01-02,31.56,18.42,15.0,2020-03-06,26.5,OPEN,-0.56,-35.0,1.0,-3.0
-,2208.HK,2020-03-02,7.92,2021-01-25,10.53,32.95,25.0,2020-03-06,7.69,OPEN,-2.9,-183.0,1.0,-9.0
-,2800.HK,2020-03-02,26.65,2020-08-08,28.57,7.2,11.0,2020-03-06,26.5,OPEN,-0.56,-35.0,3.0,-8.0
-,NKE,2020-03-02,92.68,2021-01-17,112.12,20.98,16.0,2020-03-05,90.58,OPEN,-2.27,-191.0,1.0,-11.0
-,V,2020-03-02,192.33,2020-08-17,225.81,17.41,26.0,2020-03-05,186.96,OPEN,-2.79,-234.0,2.0,-16.0
-,NKE,2020-03-02,92.68,2021-01-21,114.44,23.48,18.0,2020-03-05,90.58,OPEN,-2.27,-191.0,1.0,-10.0
-,V,2020-03-02,192.33,2021-02-01,238.97,24.25,18.0,2020-03-05,186.96,OPEN,-2.79,-234.0,1.0,-12.0
-,XAR,2020-03-02,102.75,2020-10-27,118.17,15.01,16.0,2020-03-05,99.68,OPEN,-2.99,-251.0,1.0,-20.0
-,LULU,2020-03-02,228.9,2021-02-24,338.15,47.73,34.0,2020-03-05,221.19,OPEN,-3.37,-283.0,1.0,-7.0
-,XAR,2020-03-02,102.75,2020-05-30,120.14,16.92,48.0,2020-03-05,99.68,OPEN,-2.99,-251.0,3.0,-18.0
-,XAR,2020-03-02,102.75,2020-05-13,121.67,18.41,64.0,2020-03-05,99.68,OPEN,-2.99,-251.0,4.0,-16.0
-,XAR,2020-03-02,102.75,2020-12-20,140.68,36.91,32.0,2020-03-05,99.68,OPEN,-2.99,-251.0,1.0,-8.0
-,XAR,2020-03-02,102.75,2020-03-29,111.04,8.07,75.0,2020-03-05,99.68,OPEN,-2.99,-251.0,11.0,-37.0
-,XAR,2020-03-02,102.75,2020-05-09,125.08,21.73,81.0,2020-03-05,99.68,OPEN,-2.99,-251.0,4.0,-14.0
-,XAR,2020-03-02,102.75,2020-08-26,137.55,33.87,48.0,2020-03-05,99.68,OPEN,-2.99,-251.0,2.0,-9.0
-,MA,2020-03-02,306.74,2020-10-31,393.98,28.44,29.0,2020-03-05,290.73,OPEN,-5.22,-438.0,1.0,-18.0
-,V,2020-03-02,192.33,2020-06-20,214.2,11.37,26.0,2020-03-05,186.96,OPEN,-2.79,-234.0,3.0,-25.0
-,AMZN,2020-03-02,1953.95,2021-01-24,3154.85,61.46,47.0,2020-03-05,1924.03,OPEN,-1.53,-129.0,1.0,-2.0
-,JNJ,2020-03-02,140.02,2021-01-24,156.6,11.84,9.0,2020-03-05,142.01,OPEN,1.42,119.0,1.0,12.0
-,XAR,2020-03-02,102.75,2020-08-09,113.57,10.53,17.0,2020-03-05,99.68,OPEN,-2.99,-251.0,2.0,-28.0
-,KO,2020-03-02,55.92,2021-02-02,61.8,10.52,8.0,2020-03-05,56.74,OPEN,1.47,123.0,1.0,14.0
-,GOOG,2020-03-02,1389.11,2020-12-29,1716.38,23.56,20.0,2020-03-05,1319.04,OPEN,-5.04,-423.0,1.0,-21.0
-,LULU,2020-03-02,228.9,2021-02-16,353.1,54.26,39.0,2020-03-05,221.19,OPEN,-3.37,-283.0,1.0,-6.0
-,LMT,2020-03-02,381.35,2020-12-10,426.58,11.86,11.0,2020-03-05,384.7,OPEN,0.88,74.0,1.0,7.0
-,AAPL,2020-03-02,298.81,2020-12-16,377.1,26.2,23.0,2020-03-05,292.92,OPEN,-1.97,-165.0,1.0,-8.0
-,MA,2020-03-02,306.74,2020-08-02,358.79,16.97,28.0,2020-03-05,290.73,OPEN,-5.22,-438.0,2.0,-31.0
-,MA,2020-03-02,306.74,2020-11-24,417.17,36.0,34.0,2020-03-05,290.73,OPEN,-5.22,-438.0,1.0,-14.0
-,DIS,2020-03-02,119.98,2020-05-24,131.92,9.95,30.0,2020-03-05,113.98,OPEN,-5.0,-420.0,4.0,-50.0
-,DIS,2020-03-02,119.98,2021-01-30,134.51,12.11,9.0,2020-03-05,113.98,OPEN,-5.0,-420.0,1.0,-41.0
-,MA,2020-03-02,306.74,2020-07-22,346.28,12.89,23.0,2020-03-05,290.73,OPEN,-5.22,-438.0,2.0,-40.0
-,MA,2020-03-02,306.74,2021-02-09,429.01,39.86,29.0,2020-03-05,290.73,OPEN,-5.22,-438.0,1.0,-13.0
-,AMZN,2020-03-02,1953.95,2020-12-31,2876.41,47.21,39.0,2020-03-05,1924.03,OPEN,-1.53,-129.0,1.0,-3.0
-,IXN,2020-03-02,211.57,2020-11-18,237.7,12.35,12.0,2020-03-05,206.25,OPEN,-2.51,-211.0,1.0,-20.0
-,NKE,2020-03-02,92.68,2020-07-05,101.64,9.67,19.0,2020-03-05,90.58,OPEN,-2.27,-191.0,2.0,-23.0
-,JNJ,2020-03-02,140.02,2020-07-28,149.61,6.85,12.0,2020-03-05,142.01,OPEN,1.42,119.0,2.0,21.0
-,LMT,2020-03-02,381.35,2021-02-26,439.77,15.32,11.0,2020-03-05,384.7,OPEN,0.88,74.0,1.0,6.0
-,V,2020-03-02,192.33,2020-07-24,206.1,7.16,13.0,2020-03-05,186.96,OPEN,-2.79,-234.0,2.0,-39.0
-,GOOG,2020-03-02,1389.11,2020-12-10,1675.13,20.59,18.0,2020-03-05,1319.04,OPEN,-5.04,-423.0,1.0,-24.0
-,AAPL,2020-03-02,298.81,2021-01-03,379.76,27.09,22.0,2020-03-05,292.92,OPEN,-1.97,-165.0,1.0,-7.0
-,XAR,2020-03-02,102.75,2020-11-10,117.38,14.24,14.0,2020-03-05,99.68,OPEN,-2.99,-251.0,1.0,-21.0
-,XAR,2020-03-02,102.75,2020-07-26,109.51,6.58,11.0,2020-03-05,99.68,OPEN,-2.99,-251.0,2.0,-45.0
-,RIO,2020-03-02,48.77,2020-10-10,56.55,15.95,18.0,2020-03-05,49.27,OPEN,1.03,87.0,1.0,6.0
-,RIO,2020-03-02,48.77,2021-02-24,64.12,31.47,22.0,2020-03-05,49.27,OPEN,1.03,87.0,1.0,3.0
-,RIO,2020-03-02,48.77,2020-07-05,59.06,21.1,43.0,2020-03-05,49.27,OPEN,1.03,87.0,2.0,5.0
-,ITA,2020-03-02,207.17,2021-01-02,263.0,26.95,22.0,2020-03-05,197.67,OPEN,-4.59,-386.0,1.0,-17.0
-,GOOG,2020-03-02,1389.11,2020-06-04,1528.58,10.04,27.0,2020-03-05,1319.04,OPEN,-5.04,-423.0,3.0,-50.0
-,V,2020-03-02,192.33,2020-05-09,202.45,5.26,19.0,2020-03-05,186.96,OPEN,-2.79,-234.0,4.0,-53.0
-,MMM,2020-03-02,153.02,2020-11-17,173.28,13.24,13.0,2020-03-05,151.41,OPEN,-1.05,-88.0,1.0,-8.0
-,JNJ,2020-03-02,140.02,2020-07-19,147.75,5.52,10.0,2020-03-05,142.01,OPEN,1.42,119.0,2.0,26.0
-,XAR,2020-03-02,102.75,2020-07-29,111.59,8.6,15.0,2020-03-05,99.68,OPEN,-2.99,-251.0,2.0,-35.0
-,MCD,2020-03-02,202.55,2021-01-05,238.46,17.73,14.0,2020-03-05,198.32,OPEN,-2.09,-176.0,1.0,-12.0
-,LMT,2020-03-02,381.35,2020-07-15,408.43,7.1,13.0,2020-03-05,384.7,OPEN,0.88,74.0,2.0,12.0
-,MCD,2020-03-02,202.55,2021-02-09,230.64,13.87,10.0,2020-03-05,198.32,OPEN,-2.09,-176.0,1.0,-15.0
-,MCD,2020-03-02,202.55,2020-07-04,215.86,6.57,13.0,2020-03-05,198.32,OPEN,-2.09,-176.0,2.0,-32.0
-,LMT,2020-03-02,381.35,2020-07-26,412.12,8.07,14.0,2020-03-05,384.7,OPEN,0.88,74.0,2.0,11.0
-,DIS,2020-03-02,119.98,2020-10-24,138.43,15.38,16.0,2020-03-05,113.98,OPEN,-5.0,-420.0,1.0,-33.0
-,NKE,2020-03-02,92.68,2020-07-08,99.98,7.88,16.0,2020-03-05,90.58,OPEN,-2.27,-191.0,2.0,-29.0
-,QQQ,2020-03-02,216.42,2021-02-20,233.24,7.77,6.0,2020-03-05,211.59,OPEN,-2.23,-187.0,1.0,-29.0
-,DIS,2020-03-02,119.98,2020-09-21,128.86,7.4,9.0,2020-03-05,113.98,OPEN,-5.0,-420.0,1.0,-68.0
-,AAPL,2020-03-02,298.81,2020-11-25,374.53,25.34,24.0,2020-03-05,292.92,OPEN,-1.97,-165.0,1.0,-8.0
-,WMT,2020-03-02,115.88,2020-07-11,121.59,4.93,9.0,2020-03-05,115.92,OPEN,0.03,3.0,2.0,1.0
-,ITA,2020-03-02,207.17,2020-10-20,227.78,9.95,11.0,2020-03-05,197.67,OPEN,-4.59,-386.0,1.0,-46.0
-,JNJ,2020-03-02,140.02,2020-05-16,147.4,5.27,18.0,2020-03-05,142.01,OPEN,1.42,119.0,4.0,27.0
-,NKE,2020-03-02,92.68,2020-05-16,97.57,5.28,18.0,2020-03-05,90.58,OPEN,-2.27,-191.0,4.0,-43.0
-,LMT,2020-03-02,381.35,2020-04-29,404.0,5.94,26.0,2020-03-05,384.7,OPEN,0.88,74.0,5.0,15.0
-,MA,2020-03-02,306.74,2020-05-06,316.31,3.12,12.0,2020-03-05,290.73,OPEN,-5.22,-438.0,5.0,-167.0
-,NKE,2020-03-02,92.68,2020-05-14,97.09,4.76,16.0,2020-03-05,90.58,OPEN,-2.27,-191.0,4.0,-48.0
-,QQQ,2020-03-02,216.42,2021-01-12,235.42,8.78,7.0,2020-03-05,211.59,OPEN,-2.23,-187.0,1.0,-25.0
-,WMT,2020-03-02,115.88,2020-05-05,119.98,3.54,14.0,2020-03-05,115.92,OPEN,0.03,3.0,5.0,1.0
-,WMT,2020-03-02,115.88,2020-07-29,120.43,3.93,7.0,2020-03-05,115.92,OPEN,0.03,3.0,2.0,1.0
-,MCD,2020-03-02,202.55,2020-07-11,213.85,5.58,11.0,2020-03-05,198.32,OPEN,-2.09,-176.0,2.0,-37.0
-,DIS,2020-03-02,119.98,2020-08-18,128.05,6.73,10.0,2020-03-05,113.98,OPEN,-5.0,-420.0,2.0,-74.0
-,UPS,2020-03-02,92.75,2020-09-05,98.38,6.07,8.0,2020-03-05,92.99,OPEN,0.26,22.0,2.0,4.0
-,RIO,2020-03-02,48.77,2021-01-20,67.83,39.08,30.0,2020-03-05,49.27,OPEN,1.03,87.0,1.0,3.0
-,UPS,2020-03-02,92.75,2020-05-02,96.01,3.51,15.0,2020-03-05,92.99,OPEN,0.26,22.0,5.0,7.0
-,0823.HK,2020-03-03,71.65,2021-02-07,75.06,4.76,4.0,2020-03-05,75.06,CLOSED,4.76,600.0,1.0,100.0
-,1038.HK,2020-03-03,52.6,2020-04-29,54.31,3.25,14.0,2020-03-05,54.31,CLOSED,3.25,410.0,4.0,100.0
-,ASX-A2M,2020-03-03,16.13,2020-08-22,24.02,48.92,72.0,2020-03-06,16.39,OPEN,1.61,135.0,2.0,3.0
-,ASX-VCX,2020-03-03,2.24,2020-12-23,2.65,18.3,16.0,2020-03-06,2.16,OPEN,-3.57,-300.0,1.0,-20.0
-,ASX-VCX,2020-03-03,2.24,2020-12-23,2.52,12.5,11.0,2020-03-06,2.16,OPEN,-3.57,-300.0,1.0,-29.0
-,ASX-REA,2020-03-03,98.55,2020-12-11,131.51,33.44,30.0,2020-03-06,96.99,OPEN,-1.58,-133.0,1.0,-5.0
-,ASX-REA,2020-03-03,98.55,2020-11-24,135.48,37.47,35.0,2020-03-06,96.99,OPEN,-1.58,-133.0,1.0,-4.0
-,STW,2020-03-03,59.9,2020-08-21,63.99,6.83,10.0,2020-03-06,58.35,OPEN,-2.59,-218.0,2.0,-38.0
-,ASX-REA,2020-03-03,98.55,2021-01-04,137.91,39.94,33.0,2020-03-06,96.99,OPEN,-1.58,-133.0,1.0,-4.0
-,ASX-REA,2020-03-03,98.55,2020-11-07,138.15,40.18,41.0,2020-03-06,96.99,OPEN,-1.58,-133.0,1.0,-4.0
-,ASX-A2M,2020-03-03,16.13,2020-06-14,19.6,21.51,53.0,2020-03-06,16.39,OPEN,1.61,135.0,3.0,7.0
-,STW,2020-03-03,59.9,2020-12-19,64.98,8.48,7.0,2020-03-06,58.35,OPEN,-2.59,-218.0,1.0,-31.0
-,ASX-AGL,2020-03-03,18.86,2020-06-25,20.44,8.38,19.0,2020-03-06,18.65,OPEN,-1.11,-93.0,3.0,-13.0
-,ASX-BKW,2020-03-03,18.0,2020-11-04,20.34,13.0,13.0,2020-03-06,16.53,OPEN,-8.17,-686.0,1.0,-63.0
-,ASX-BHP,2020-03-03,33.99,2020-08-09,39.44,16.03,25.0,2020-03-06,32.19,OPEN,-5.3,-445.0,2.0,-33.0
-,STW,2020-03-03,59.9,2020-11-12,63.84,6.58,7.0,2020-03-06,58.35,OPEN,-2.59,-218.0,1.0,-39.0
-,ASX-IVC,2020-03-03,14.3,2020-08-24,15.3,6.99,10.0,2020-03-06,13.85,OPEN,-3.15,-265.0,2.0,-45.0
-,ASX-IVC,2020-03-03,14.3,2020-08-24,15.3,6.99,10.0,2020-03-06,13.85,OPEN,-3.15,-265.0,2.0,-45.0
-,ASX-REA,2020-03-03,98.55,2020-07-04,112.07,13.72,28.0,2020-03-06,96.99,OPEN,-1.58,-133.0,2.0,-12.0
-,ASX-REA,2020-03-03,98.55,2020-07-14,111.96,13.61,26.0,2020-03-06,96.99,OPEN,-1.58,-133.0,2.0,-12.0
-,STW,2020-03-03,59.9,2020-08-27,62.91,5.03,7.0,2020-03-06,58.35,OPEN,-2.59,-218.0,2.0,-51.0
-,ASX-A2M,2020-03-03,16.13,2020-04-15,17.68,9.61,56.0,2020-03-06,16.39,OPEN,1.61,135.0,7.0,17.0
-,ASX-BKW,2020-03-03,18.0,2020-11-20,20.01,11.17,11.0,2020-03-06,16.53,OPEN,-8.17,-686.0,1.0,-73.0
-,ASX-AGL,2020-03-03,18.86,2020-08-05,20.01,6.1,10.0,2020-03-06,18.65,OPEN,-1.11,-93.0,2.0,-18.0
-,ASX-ORG,2020-03-03,7.04,2020-05-03,7.6,7.95,33.0,2020-03-06,6.79,OPEN,-3.55,-298.0,5.0,-45.0
-,ASX-NAN,2020-03-03,6.77,2021-01-27,8.31,22.75,17.0,2020-03-06,6.32,OPEN,-6.65,-559.0,1.0,-29.0
-,ASX-NAN,2020-03-03,6.77,2020-05-14,7.35,8.57,30.0,2020-03-06,6.32,OPEN,-6.65,-559.0,4.0,-78.0
-,ASX-ORG,2020-03-03,7.04,2020-05-08,7.45,5.82,22.0,2020-03-06,6.79,OPEN,-3.55,-298.0,5.0,-61.0
-,ASX-NAN,2020-03-03,6.77,2020-09-05,7.46,10.19,14.0,2020-03-06,6.32,OPEN,-6.65,-559.0,2.0,-65.0
-,ASX-RIO,2020-03-03,88.8,2020-08-05,101.07,13.82,22.0,2020-03-06,86.25,OPEN,-2.87,-241.0,2.0,-21.0
-,2768.HK,2020-03-03,3.17,2020-04-08,3.55,11.99,84.0,2020-03-06,3.25,OPEN,2.52,212.0,8.0,21.0
-,2768.HK,2020-03-03,3.17,2020-04-08,3.72,17.35,121.0,2020-03-06,3.25,OPEN,2.52,212.0,8.0,15.0
-,0823.HK,2020-03-03,71.65,2020-11-05,85.21,18.93,19.0,2020-03-06,73.85,OPEN,3.07,258.0,1.0,16.0
-,0435.HK,2020-03-03,4.59,2020-11-07,5.47,19.17,19.0,2020-03-06,4.63,OPEN,0.87,73.0,1.0,5.0
-,0823.HK,2020-03-03,71.65,2020-11-27,85.8,19.75,19.0,2020-03-06,73.85,OPEN,3.07,258.0,1.0,16.0
-,1038.HK,2020-03-03,52.6,2021-03-02,65.84,25.17,17.0,2020-03-06,53.9,OPEN,2.47,207.0,1.0,10.0
-,0823.HK,2020-03-03,71.65,2021-02-13,76.66,6.99,5.0,2020-03-06,73.85,OPEN,3.07,258.0,1.0,44.0
-,1038.HK,2020-03-03,52.6,2021-02-15,65.07,23.71,17.0,2020-03-06,53.9,OPEN,2.47,207.0,1.0,10.0
-,0435.HK,2020-03-03,4.59,2020-10-27,5.24,14.16,15.0,2020-03-06,4.63,OPEN,0.87,73.0,1.0,6.0
-,0435.HK,2020-03-03,4.59,2020-10-13,5.37,16.99,19.0,2020-03-06,4.63,OPEN,0.87,73.0,1.0,5.0
-,0066.HK,2020-03-03,43.3,2021-02-08,52.84,22.03,16.0,2020-03-06,42.65,OPEN,-1.5,-126.0,1.0,-7.0
-,0823.HK,2020-03-03,71.65,2020-12-16,86.83,21.19,19.0,2020-03-06,73.85,OPEN,3.07,258.0,1.0,14.0
-,0808.HK,2020-03-03,2.86,2020-11-17,3.25,13.64,13.0,2020-03-06,2.93,OPEN,2.45,206.0,1.0,18.0
-,0823.HK,2020-03-03,71.65,2020-12-08,86.18,20.28,18.0,2020-03-06,73.85,OPEN,3.07,258.0,1.0,15.0
-,0435.HK,2020-03-03,4.59,2020-12-11,5.3,15.47,14.0,2020-03-06,4.63,OPEN,0.87,73.0,1.0,6.0
-,1270.HK,2020-03-03,1.78,2020-10-15,1.99,11.8,13.0,2020-03-06,1.77,OPEN,-0.56,-47.0,1.0,-5.0
-,0173.HK,2020-03-03,3.78,2021-03-02,5.62,48.68,34.0,2020-03-06,3.78,OPEN,0.0,0.0,1.0,0.0
-,0808.HK,2020-03-03,2.86,2020-11-08,3.2,11.89,12.0,2020-03-06,2.93,OPEN,2.45,206.0,1.0,21.0
-,0808.HK,2020-03-03,2.86,2020-12-02,3.28,14.69,14.0,2020-03-06,2.93,OPEN,2.45,206.0,1.0,17.0
-,1038.HK,2020-03-03,52.6,2020-07-18,55.8,6.08,11.0,2020-03-06,53.9,OPEN,2.47,207.0,2.0,41.0
-,0808.HK,2020-03-03,2.86,2020-10-30,3.18,11.19,12.0,2020-03-06,2.93,OPEN,2.45,206.0,1.0,22.0
-,1038.HK,2020-03-03,52.6,2020-04-27,54.67,3.94,18.0,2020-03-06,53.9,OPEN,2.47,207.0,5.0,63.0
-,0006.HK,2020-03-03,55.15,2021-02-21,60.08,8.94,6.0,2020-03-06,56.15,OPEN,1.81,152.0,1.0,20.0
-,1038.HK,2020-03-03,52.6,2020-07-24,55.79,6.06,11.0,2020-03-06,53.9,OPEN,2.47,207.0,2.0,41.0
-,0435.HK,2020-03-03,4.59,2020-05-10,4.8,4.58,17.0,2020-03-06,4.63,OPEN,0.87,73.0,4.0,19.0
-,0006.HK,2020-03-03,55.15,2020-08-06,57.68,4.59,7.0,2020-03-06,56.15,OPEN,1.81,152.0,2.0,40.0
-,0435.HK,2020-03-03,4.59,2020-07-01,4.85,5.66,12.0,2020-03-06,4.63,OPEN,0.87,73.0,2.0,15.0
-,1038.HK,2020-03-04,52.85,2020-04-30,54.57,3.25,14.0,2020-03-05,54.57,CLOSED,3.25,inf,0.0,100.0
-,ASX-RIO,2020-03-04,90.0,2020-08-06,102.44,13.82,22.0,2020-03-06,86.25,OPEN,-4.17,-525.0,1.0,-30.0
-,0823.HK,2020-03-04,73.9,2020-11-06,87.89,18.93,19.0,2020-03-06,73.85,OPEN,-0.07,-9.0,1.0,-0.0
-,0435.HK,2020-03-04,4.62,2020-11-08,5.5,19.05,19.0,2020-03-06,4.63,OPEN,0.22,28.0,1.0,1.0
-,0823.HK,2020-03-04,73.9,2020-11-28,88.5,19.76,19.0,2020-03-06,73.85,OPEN,-0.07,-9.0,1.0,-0.0
-,0823.HK,2020-03-04,73.9,2021-02-08,77.42,4.76,4.0,2020-03-06,73.85,OPEN,-0.07,-9.0,1.0,-1.0
-,0823.HK,2020-03-04,73.9,2021-02-14,79.07,7.0,5.0,2020-03-06,73.85,OPEN,-0.07,-9.0,1.0,-1.0
-,1038.HK,2020-03-04,52.85,2021-02-16,65.38,23.71,17.0,2020-03-06,53.9,OPEN,1.99,251.0,1.0,8.0
-,0435.HK,2020-03-04,4.62,2020-10-28,5.27,14.07,15.0,2020-03-06,4.63,OPEN,0.22,28.0,1.0,2.0
-,0435.HK,2020-03-04,4.62,2020-10-14,5.41,17.1,19.0,2020-03-06,4.63,OPEN,0.22,28.0,1.0,1.0
-,0823.HK,2020-03-04,73.9,2020-12-17,89.55,21.18,19.0,2020-03-06,73.85,OPEN,-0.07,-9.0,1.0,-0.0
-,0823.HK,2020-03-04,73.9,2020-12-09,88.89,20.28,18.0,2020-03-06,73.85,OPEN,-0.07,-9.0,1.0,-0.0
-,0435.HK,2020-03-04,4.62,2020-12-12,5.33,15.37,14.0,2020-03-06,4.63,OPEN,0.22,28.0,1.0,1.0
-,2208.HK,2020-03-04,7.74,2021-01-27,10.29,32.95,25.0,2020-03-06,7.69,OPEN,-0.65,-82.0,1.0,-2.0
-,1038.HK,2020-03-04,52.85,2020-07-25,56.06,6.07,11.0,2020-03-06,53.9,OPEN,1.99,251.0,1.0,33.0
-,0435.HK,2020-03-04,4.62,2020-05-11,4.83,4.55,17.0,2020-03-06,4.63,OPEN,0.22,28.0,3.0,5.0
-,0435.HK,2020-03-04,4.62,2020-07-02,4.89,5.84,12.0,2020-03-06,4.63,OPEN,0.22,28.0,2.0,4.0
-,XAR,2020-03-04,105.71,2020-10-29,121.58,15.01,16.0,2020-03-05,99.68,OPEN,-5.7,-inf,0.0,-38.0
-,JNJ,2020-03-04,143.48,2021-01-26,160.47,11.84,9.0,2020-03-05,142.01,OPEN,-1.02,-inf,0.0,-9.0
-,XAR,2020-03-04,105.71,2020-08-11,116.84,10.53,17.0,2020-03-05,99.68,OPEN,-5.7,-inf,0.0,-54.0
-,LMT,2020-03-04,402.03,2020-12-12,449.71,11.86,11.0,2020-03-05,384.7,OPEN,-4.31,-inf,0.0,-36.0
-,DIS,2020-03-04,119.18,2020-05-26,131.04,9.95,30.0,2020-03-05,113.98,OPEN,-4.36,-inf,0.0,-44.0
-,DIS,2020-03-04,119.18,2021-02-01,133.61,12.11,9.0,2020-03-05,113.98,OPEN,-4.36,-inf,0.0,-36.0
-,LMT,2020-03-04,402.03,2021-02-28,463.62,15.32,11.0,2020-03-05,384.7,OPEN,-4.31,-inf,0.0,-28.0
-,UPS,2020-03-04,95.82,2020-05-09,98.43,2.72,10.0,2020-03-05,92.99,OPEN,-2.95,-inf,0.0,-108.0
-,XAR,2020-03-04,105.71,2020-07-28,112.67,6.58,11.0,2020-03-05,99.68,OPEN,-5.7,-inf,0.0,-87.0
-,MMM,2020-03-04,153.98,2020-11-19,174.37,13.24,13.0,2020-03-05,151.41,OPEN,-1.67,-inf,0.0,-13.0
-,JNJ,2020-03-04,143.48,2020-07-21,151.4,5.52,10.0,2020-03-05,142.01,OPEN,-1.02,-inf,0.0,-19.0
-,XAR,2020-03-04,105.71,2020-07-31,114.8,8.6,15.0,2020-03-05,99.68,OPEN,-5.7,-inf,0.0,-66.0
-,LMT,2020-03-04,402.03,2020-07-17,430.57,7.1,13.0,2020-03-05,384.7,OPEN,-4.31,-inf,0.0,-61.0
-,LMT,2020-03-04,402.03,2020-07-28,434.47,8.07,14.0,2020-03-05,384.7,OPEN,-4.31,-inf,0.0,-53.0
-,DIS,2020-03-04,119.18,2020-10-26,137.51,15.38,16.0,2020-03-05,113.98,OPEN,-4.36,-inf,0.0,-28.0
-,DIS,2020-03-04,119.18,2020-09-23,128.0,7.4,9.0,2020-03-05,113.98,OPEN,-4.36,-inf,0.0,-59.0
-,ITA,2020-03-04,211.18,2020-10-22,232.19,9.95,11.0,2020-03-05,197.67,OPEN,-6.4,-inf,0.0,-64.0
-,LMT,2020-03-04,402.03,2020-05-01,425.91,5.94,26.0,2020-03-05,384.7,OPEN,-4.31,-inf,0.0,-73.0
-,LMT,2020-03-04,402.03,2020-04-29,420.0,4.47,20.0,2020-03-05,384.7,OPEN,-4.31,-inf,0.0,-96.0
-,LMT,2020-03-04,402.03,2020-04-26,414.57,3.12,15.0,2020-03-05,384.7,OPEN,-4.31,-inf,0.0,-138.0
-,DIS,2020-03-04,119.18,2020-08-20,127.2,6.73,10.0,2020-03-05,113.98,OPEN,-4.36,-inf,0.0,-65.0
-,UPS,2020-03-04,95.82,2020-09-07,101.64,6.07,8.0,2020-03-05,92.99,OPEN,-2.95,-inf,0.0,-49.0
-,XAR,2020-03-04,105.71,2020-10-18,119.06,12.63,14.0,2020-03-05,99.68,OPEN,-5.7,-inf,0.0,-45.0
-,UPS,2020-03-04,95.82,2020-05-04,99.18,3.51,15.0,2020-03-05,92.99,OPEN,-2.95,-inf,0.0,-84.0
-,ASX-CWN,2020-03-05,9.92,2020-05-11,10.72,8.06,30.0,2020-03-06,9.65,OPEN,-2.72,-inf,0.0,-34.0
-,ASX-CWN,2020-03-05,9.92,2020-06-28,10.7,7.86,17.0,2020-03-06,9.65,OPEN,-2.72,-inf,0.0,-35.0
-,ASX-CWN,2020-03-05,9.92,2021-01-04,11.94,20.36,17.0,2020-03-06,9.65,OPEN,-2.72,-inf,0.0,-13.0
-,ASX-NAB,2020-03-05,23.29,2020-12-26,26.95,15.71,13.0,2020-03-06,22.0,OPEN,-5.54,-inf,0.0,-35.0
-,ASX-NAB,2020-03-05,23.29,2020-12-30,27.75,19.15,16.0,2020-03-06,22.0,OPEN,-5.54,-inf,0.0,-29.0
-,ASX-WBC,2020-03-05,22.25,2020-04-21,23.15,4.04,22.0,2020-03-06,21.35,OPEN,-4.04,-inf,0.0,-100.0
-,ASX-WBC,2020-03-05,22.25,2021-01-07,24.12,8.4,7.0,2020-03-06,21.35,OPEN,-4.04,-inf,0.0,-48.0
-,ASX-WBC,2020-03-05,22.25,2020-05-01,23.8,6.97,31.0,2020-03-06,21.35,OPEN,-4.04,-inf,0.0,-58.0
-,ASX-REA,2020-03-05,100.8,2020-12-13,134.51,33.44,30.0,2020-03-06,96.99,OPEN,-3.78,-inf,0.0,-11.0
-,ASX-REA,2020-03-05,100.8,2020-11-26,138.57,37.47,35.0,2020-03-06,96.99,OPEN,-3.78,-inf,0.0,-10.0
-,STW,2020-03-05,59.73,2020-08-23,63.8,6.81,10.0,2020-03-06,58.35,OPEN,-2.31,-inf,0.0,-34.0
-,ASX-REA,2020-03-05,100.8,2021-01-06,141.06,39.94,33.0,2020-03-06,96.99,OPEN,-3.78,-inf,0.0,-9.0
-,ASX-REA,2020-03-05,100.8,2020-11-09,141.3,40.18,41.0,2020-03-06,96.99,OPEN,-3.78,-inf,0.0,-9.0
-,STW,2020-03-05,59.73,2020-12-21,64.8,8.49,7.0,2020-03-06,58.35,OPEN,-2.31,-inf,0.0,-27.0
-,ASX-AGL,2020-03-05,18.96,2020-06-27,20.55,8.39,19.0,2020-03-06,18.65,OPEN,-1.64,-inf,0.0,-19.0
-,ASX-BKW,2020-03-05,17.78,2020-11-06,20.09,12.99,13.0,2020-03-06,16.53,OPEN,-7.03,-inf,0.0,-54.0
-,ASX-CWN,2020-03-05,9.92,2020-05-06,10.46,5.44,22.0,2020-03-06,9.65,OPEN,-2.72,-inf,0.0,-50.0
-,ASX-WBC,2020-03-05,22.25,2020-11-21,24.33,9.35,9.0,2020-03-06,21.35,OPEN,-4.04,-inf,0.0,-43.0
-,ASX-BEN,2020-03-05,8.47,2020-04-27,9.31,9.92,47.0,2020-03-06,7.78,OPEN,-8.15,-inf,0.0,-82.0
-,STW,2020-03-05,59.73,2020-11-14,63.66,6.58,7.0,2020-03-06,58.35,OPEN,-2.31,-inf,0.0,-35.0
-,ASX-CWN,2020-03-05,9.92,2020-08-25,10.76,8.47,12.0,2020-03-06,9.65,OPEN,-2.72,-inf,0.0,-32.0
-,ASX-REA,2020-03-05,100.8,2020-07-06,114.63,13.72,28.0,2020-03-06,96.99,OPEN,-3.78,-inf,0.0,-28.0
-,ASX-ORG,2020-03-05,7.0,2020-04-18,7.59,8.43,48.0,2020-03-06,6.79,OPEN,-3.0,-inf,0.0,-36.0
-,ASX-REA,2020-03-05,100.8,2020-07-16,114.52,13.61,26.0,2020-03-06,96.99,OPEN,-3.78,-inf,0.0,-28.0
-,STW,2020-03-05,59.73,2020-08-29,62.73,5.02,7.0,2020-03-06,58.35,OPEN,-2.31,-inf,0.0,-46.0
-,ASX-BKW,2020-03-05,17.78,2020-11-22,19.77,11.19,11.0,2020-03-06,16.53,OPEN,-7.03,-inf,0.0,-63.0
-,ASX-AGL,2020-03-05,18.96,2020-08-07,20.12,6.12,10.0,2020-03-06,18.65,OPEN,-1.64,-inf,0.0,-27.0
-,ASX-ORG,2020-03-05,7.0,2020-05-05,7.55,7.86,32.0,2020-03-06,6.79,OPEN,-3.0,-inf,0.0,-38.0
-,ASX-NAB,2020-03-05,23.29,2020-06-25,25.05,7.56,17.0,2020-03-06,22.0,OPEN,-5.54,-inf,0.0,-73.0
-,ASX-CWN,2020-03-05,9.92,2020-05-16,10.38,4.64,16.0,2020-03-06,9.65,OPEN,-2.72,-inf,0.0,-59.0
-,ASX-CWN,2020-03-05,9.92,2020-08-28,10.6,6.85,10.0,2020-03-06,9.65,OPEN,-2.72,-inf,0.0,-40.0
-,ASX-ORG,2020-03-05,7.0,2020-05-10,7.4,5.71,22.0,2020-03-06,6.79,OPEN,-3.0,-inf,0.0,-52.0
-,0002.HK,2020-03-05,84.2,2020-12-02,98.93,17.49,16.0,2020-03-06,82.6,OPEN,-1.9,-inf,0.0,-11.0
-,1299.HK,2020-03-05,77.65,2020-10-12,93.1,19.9,23.0,2020-03-06,76.05,OPEN,-2.06,-inf,0.0,-10.0
-,0435.HK,2020-03-05,4.72,2020-10-29,5.38,13.98,15.0,2020-03-06,4.63,OPEN,-1.91,-inf,0.0,-14.0
-,0435.HK,2020-03-05,4.72,2020-12-13,5.45,15.47,14.0,2020-03-06,4.63,OPEN,-1.91,-inf,0.0,-12.0
-,0002.HK,2020-03-05,84.2,2020-08-11,89.14,5.87,9.0,2020-03-06,82.6,OPEN,-1.9,-inf,0.0,-32.0
-,1299.HK,2020-03-05,77.65,2020-07-11,85.54,10.16,20.0,2020-03-06,76.05,OPEN,-2.06,-inf,0.0,-20.0
-,2208.HK,2020-03-05,7.96,2021-01-28,10.58,32.91,25.0,2020-03-06,7.69,OPEN,-3.39,-inf,0.0,-10.0
-,0011.HK,2020-03-05,150.8,2021-02-18,166.38,10.33,7.0,2020-03-06,147.1,OPEN,-2.45,-inf,0.0,-24.0
-,1299.HK,2020-03-05,77.65,2020-05-01,81.86,5.42,24.0,2020-03-06,76.05,OPEN,-2.06,-inf,0.0,-38.0
